,Cluster_id,Sentence
0,AI,Explain Artificial Intelligence and give its applications.
1,AI,Artificial Intelligence (AI) is a field of Computer Science focuses on creating systems that can perform tasks that would typically require human intelligence
2,AI, such as recognizing speech
3,AI, understanding natural language
4,AI, making decisions
5,AI, and learning. We use AI to build various applications
6,AI, including image and speech recognition
7,AI, natural language processing (NLP)
8,AI, robotics
9,AI," and machine learning models like neural networks.
How are machine learning and AI related?"
10,AI,Machine learning and Artificial Intelligence (AI) are closely related but distinct fields within the broader domain of computer science. AI includes not only machine learning but also other approaches
11,AI, like rule-based systems
12,AI, expert systems
13,AI, and knowledge-based systems
14,AI, which do not necessarily involve learning from data. Many state-of-the-art AI systems are built upon machine learning techniques
15,AI, as these approaches have proven to be highly effective in tackling complex
16,AI," data-driven problems.
What is Deep Learning based on?"
17,AI,Deep learning is a subfield of machine learning that focuses on the development of artificial neural networks with multiple layers
18,AI, also known as deep neural networks. These networks are particularly effective in modeling complex
19,AI, hierarchical patterns and representations in data. Deep learning is inspired by the structure and function of the human brain
20,AI," specifically the biological neural networks that make up the brain.
Learn more about AI vs ML vs Deep Learning here.
How many layers are in a Neural Network?"
21,AI,Neural networks are one of many types of ML algorithms that are used to model complex patterns in data. They are composed of three layers  —  input layer
22,AI, hidden layer
23,AI," and output layer.
Explain TensorFlow."
24,AI,TensorFlow is an open-source platform developed by Google designed primarily for high-performance numerical computation. It offers a collection of workflows that can be used to develop and train models to make machine learning robust and efficient. TensorFlow is customizable
25,AI, and thus
26,AI," helps developers create experiential learning architectures and work on the same to produce desired results.
What are the pros of cognitive computing?"
27,AI,"Cognitive computing is a type of AI that mimics human thought processes.We use this form of computing to solve problems that are complex for traditional computer systems. Some major benefits of cognitive computing are:

It is the combination of technology that helps to understand human interaction and provide answers.
Cognitive computing systems acquire knowledge from the data.
These computing systems also enhance operational efficiency for enterprises.
What’s the difference between NLP and NLU?"
28,AI,Natural Language Processing (NLP) and Natural Language Understanding (NLU) are two closely related subfields within the broader domain of Artificial Intelligence (AI)
29,AI, focused on the interaction between computers and human languages. Although they are often used interchangeably
30,AI," they emphasize different aspects of language processing.
NLP deals with the development of algorithms and techniques that enable computers to process"
31,AI, analyze
32,AI, and generate human language. NLP covers a wide range of tasks
33,AI, including text analysis
34,AI, sentiment analysis
35,AI, machine translation
36,AI, summarization
37,AI, part-of-speech tagging
38,AI, named-entity recognition
39,AI, and more. The goal of NLP is to enable computers to effectively handle text and speech data
40,AI, extract useful information
41,AI," and generate human-like language outputs.
While"
42,AI, NLU is a subset of NLP that focuses specifically on the comprehension and interpretation of meaning from human language inputs. NLU aims to disambiguate the nuances
43,AI, context
44,AI, and intent in human language
45,AI, helping machines grasp not just the structure but also the underlying meaning
46,AI, sentiment
47,AI, and purpose. NLU tasks may include sentiment analysis
48,AI, question-answering
49,AI, intent recognition
50,AI," and semantic parsing.
Give some examples of weak and strong AI."
51,AI,Some examples of weak AI include rule-based systems and decision trees. Basically
52,AI, those systems that require an input come under weak AI.  On the other hand
53,AI, a strong AI includes neural networks and deep learning
54,AI," as these systems and functions can teach themselves to solve problems.
What is the need of data mining?"
55,AI,Data mining is the process of discovering patterns
56,AI, trends
57,AI, and useful information from large datasets using various algorithms
58,AI, statistical methods
59,AI, and machine learning techniques. It has gained significant importance due to the growth of data generation and storage capabilities. The need for data mining arises from several aspects
60,AI," including decision-making.
Name some sectors where data mining is applicable."
61,AI,There are many sectors where data mining is applicable
62,AI," including:
Healthcare -It is used to predict patient outcomes"
63,AI, detection of fraud and abuse
64,AI, measure the effectiveness of certain treatments
65,AI," and develop patient and doctor relationships.
Finance -The finance and banking industry depends on high-quality"
66,AI, reliable data. It can be used to predict stock prices
67,AI," predict loan payments and determine credit ratings.
Retail - It is used to predict consumer behavior"
68,AI," noticing buying patterns to improve customer service and satisfaction.
What are the components of NLP?"
69,AI,"There are three main components to NLP:


Language understanding - This defines the ability to interpret the meaning of a piece of text


Language generation - This is helpful in producing text that is  grammatically correct and conveys the intended meaning.


Language processing - This helps in performing  operations on a piece of text"
70,AI, such as tokenization
71,AI, lemmatization
72,AI," and part-of-speech tagging.
What is the full form of LSTM?"
73,AI,LSTM stands for Long Short-Term Memory
74,AI, and it is a type of recurrent neural network  (RNN) architecture that is widely used in artificial intelligence and natural language processing. LSTM networks have been successfully used in a wide range of applications
75,AI, including speech recognition
76,AI, language translation
77,AI, and video analysis
78,AI," among others.
What is Artificial Narrow Intelligence (ANI)?"
79,AI,Artificial Narrow Intelligence (ANI)
80,AI, also known as Weak AI
81,AI," refers to AI systems that are designed and trained to perform a specific task or a narrow range of tasks. These systems are highly specialized and can perform their designated task with a high degree of accuracy and efficiency. This type of technology is also known as Weak AI.
What is a data cube?"
82,AI,A data cube is a multidimensional (3D) representation of data that can be used to support various types of analysis and modeling. Data cubes are often used in machine learning and data mining applications to help identify patterns
83,AI, trends
84,AI," and correlations in complex datasets.
What is the difference between model accuracy and model performance?"
85,AI,Model accuracy refers to how often a model correctly predicts the outcome of a specific task on a given dataset. Model performance
86,AI, on the other hand
87,AI, is a broader term that encompasses various aspects of a model's performance
88,AI, including its accuracy
89,AI, precision
90,AI, recall
91,AI, F1 score
92,AI, AUC-ROC
93,AI, etc. Depending on the problem you're solving
94,AI," one metric may be more important than the other.
What are different components of GAN?"
95,AI,Generative Adversarial Network (GAN) are a class of deep learning models that consist of two primary components working together in a competitive setting. GANs are used to generate new
96,AI," synthetic data that closely resemble a given real-world dataset. The two main components of a GAN are:
Generator: The generator is a neural network that takes random noise as input and generates synthetic data samples. The aim of the generator is to produce realistic data that mimic the distribution of the real-world data. As the training progresses"
97,AI, the generator becomes better at generating data that closely resemble the original dataset
98,AI," without actually replicating any specific instances.
Discriminator: The discriminator is another neural network that is responsible for distinguishing between real data samples (from the original dataset) and synthetic data samples (generated by the generator). Its objective is to correctly classify the input as real or synthesized.
What are common data structures used in deep learning?"
99,AI,Deep learning models involve handling various types of data
100,AI," which require specific data structures to store and manipulate the data efficiently. Some of the most common data structures used in deep learning are:
Tensors: Tensors are multi-dimensional arrays and are the fundamental data structure used in deep learning frameworks like TensorFlow and PyTorch. They are used to represent a wide variety of data"
101,AI, including scalars
102,AI, vectors
103,AI, matrices
104,AI," or higher-dimensional arrays.
Matrices: Matrices are two-dimensional arrays and are a special case of tensors. They are widely used in linear algebra operations that are common in deep learning"
105,AI, such as matrix multiplication
106,AI, transpose
107,AI," and inversion.
Vectors: Vectors are one-dimensional arrays and can also be regarded as a special case of tensors. They are used to represent individual data points"
108,AI, model parameters
109,AI," or intermediate results during calculations.
Arrays: Arrays are fixed-size"
110,AI," homogeneous data structures that can store elements in a contiguous memory location. Arrays can be one-dimensional (similar to vectors) or multi-dimensional (similar to matrices or tensors).
What is the role of the hidden layer in a neural network?"
111,AI,"The hidden layer in a neural network is responsible for mapping the input to the output. The hidden layer's function is to extract and learn features from the input data that are relevant for the given task. These features are then used by the output layer to make predictions or classifications.
In other words"
112,AI," the hidden layer acts as a ""black box"" that transforms the input data into a form that is more useful for the output layer.
Mention some advantages of neural networks."
113,AI,"Some advantages of neural networks include:

Neural networks need less formal statistical training.
Neural networks can detect non-linear relationships between variables and can identify all types of interactions between predictor variables.
Neural networks can handle large amounts of data and extract meaningful insights from it. This makes them useful in a variety of applications"
114,AI, such as image recognition
115,AI, speech recognition
116,AI," and natural language processing.
Neural networks are able to filter out noise and extract meaningful features from data. This makes them useful in applications where the data may be noisy or contain irrelevant information.
Neural networks can adapt to changes in the input data and adjust their parameters accordingly. This makes them useful in applications where the input data is dynamic or changes over time.
What is the difference between stemming and lemmatization?"
117,AI,The main difference between stemming and lemmatization is that stemming is a rule-based process
118,AI, while lemmatization is a more sophisticated
119,AI," dictionary-based approach.
What are the different types of text summarization?"
120,AI,"There are two main types of text summarization:
Extraction-based: It does not take new phrases and words; instead"
121,AI," it uses the already existing phrases and words and presents only that. Extraction-based summarization ranks all the sentences according to the relevance and understanding of the text and presents you with the most important sentences.
Abstraction-based: It creates phrases and words"
122,AI, puts them together
123,AI, and makes a meaningful word or sentence. Along with that
124,AI," abstraction-based summarization adds the most important facts found in the text. It tries to find out the meaning of the whole text and presents the meaning to you.
What is the meaning of corpus in NLP?"
125,AI,Corpus in NLP refers to a large collection of texts. A corpus can be used for various tasks such as building dictionaries
126,AI, developing statistical models
127,AI," or simply for reading comprehension.
Explain binarizing of data."
128,AI,Binarizing of data is the process of converting data features of any entity into vectors of binary numbers to make classifier algorithms more productive. The binarizing technique is used for the recognition of shapes
129,AI, objects
130,AI, and characters. Using this
131,AI," it is easy to distinguish the object of interest from the background in which it is found.
What is perception and its types?"
132,AI,Perception is the process of interpreting sensory information
133,AI, and there are three main types of perception: visual
134,AI, auditory
135,AI," and tactile.
Vision: It is used in the form of face recognition"
136,AI, medical imaging analysis
137,AI, 3D scene modeling
138,AI, video recognition
139,AI, human pose tracking
140,AI," and many more
Auditory: Machine Auditory has a wide range of applications"
141,AI, such as speech synthesis
142,AI, voice recognition
143,AI," and music recording. These solutions are integrated into voice assistants and smartphones.
Tactile: With this"
144,AI," machines are able to acquire intelligent reflexes and better interact with the environment.
Give some pros and cons of decision trees."
145,AI,Decision trees have some advantages
146,AI, such as being easy to understand and interpret
147,AI, but they also have some disadvantages
148,AI," such as being prone to overfitting.
Explain marginalization process."
149,AI,The marginalization process is used to eliminate certain variables from a set of data
150,AI, in order to make the data more manageable. In probability theory
151,AI," marginalization involves integrating over a subset of variables in a joint distribution to obtain the distribution of the remaining variables. The process essentially involves ""summing out"" the variables that are not of interest"
152,AI," leaving only the variables that are desired.
What is the function of an artificial neural network?"
153,AI,"An artificial neural network is a ML algorithm that is used to simulate the workings of the human brain. ANNs consist of interconnected nodes (also known as neurons) that process and transmit information in a way that mimics the behavior of biological neurons.
The primary function of an artificial neural network is to learn from input data"
154,AI, such as images
155,AI, text
156,AI, or numerical values
157,AI, and then make predictions or classifications based on that data. ANNs can be used for a wide range of tasks
158,AI, such as image recognition
159,AI, natural language processing
160,AI," and predictive analytics.
Explain cognitive computing and its types?"
161,AI,Cognitive computing is a subfield of AI that focuses on creating systems that can mimic human cognition and perform tasks that require human-like intelligence. The primary goal of cognitive computing is to enable computers to interact more naturally with humans
162,AI, understand complex data
163,AI, reason
164,AI, learn from experience
165,AI," and make decisions autonomously.
There is no strict categorization of cognitive computing types; however"
166,AI," the key capabilities and technologies associated with cognitive computing can be grouped as follows:
NLP: NLP techniques enable cognitive computing systems to understand"
167,AI, process
168,AI," and generate human language in textual or spoken form.
Machine Learning: Machine learning is essential for cognitive computing"
169,AI, as it allows systems to learn from data
170,AI, adapt
171,AI," and improve their performance over time.
Computer Vision: Computer vision deals with the interpretation and understanding of visual information"
172,AI, such as images and videos. In cognitive computing
173,AI, it is used to extract useful information from visual data
174,AI, recognize objects
175,AI, understand scenes
176,AI," and analyze emotions or expressions.
Explain the function of deep learning frameworks."
177,AI,Deep learning frameworks are software libraries and tools designed to simplify the development
178,AI, training
179,AI, and deployment of deep learning models. They provide a range of functionalities that support the implementation of complex neural networks and the execution of mathematical operations required for their training and inference processes. Some popular deep learning frameworks are TensorFlow
180,AI, Keras
181,AI," and PyTorch.
How are speech recognition and video recognition different?"
182,AI,Speech recognition and video recognition are two distinct areas within AI and involve processing and understanding different types of data. While they share some commonalities in terms of using machine learning and pattern recognition techniques
183,AI, they differ in the data
184,AI, algorithms
185,AI," and objectives associated with each domain.
Speech Recognition focuses on the automatic conversion of spoken language into textual form. This process involves understanding and transcribing the spoken words"
186,AI, phrases
187,AI," and sentences from an audio signal.
Video Recognition deals with the analysis and understanding of visual information in the form of videos. This process primarily involves extracting meaningful information from a series of image frames"
188,AI, such as detecting objects
189,AI, recognizing actions
190,AI, identifying scenes
191,AI," and tracking moving objects.
What is the pooling layer on CNN?"
192,AI,"A pooling layer is a type of layer used in a convolutional neural network (CNN). Pooling layers downsample the input feature maps by summary pooled areas. This reduces the dimensionality of the feature map and makes the CNN more robust to small changes in the input.
What is the purpose of  Boltzmann machine?"
193,AI,Boltzmann machines are a type of energy-based model which learn a probability distribution by simulating a system of diverging and converging nodes. These nodes act like neurons in a neural network
194,AI," and can be used to build deep learning models.
What do you mean by regular grammar?"
195,AI,"Regular grammar is a type of grammar that specifies a set of rules for how strings can be formed from a given alphabet. These rules can be used to generate new strings or to check if a given string is valid.
How do you obtain data for NLP projects?"
196,AI,There are many ways to obtain data for NLP projects. Some common sources of data include texts
197,AI, transcripts
198,AI, social media posts
199,AI," and reviews. You can also use web scraping and other methods to collect data from the internet.
Explain regular expression in layman’s terms."
200,AI, replace
201,AI, or extract text. In layman's terms
202,AI, text editing
203,AI," and data processing tasks to manipulate and extract text in a more efficient and precise way.
How is NLTK different from spaCy?"
204,AI," but they have some key differences:
NLTK is a general-purpose NLP library that provides a wide range of tools and algorithms for basic NLP tasks such as tokenization"
205,AI, stemming
206,AI, and part-of-speech tagging. NLTK also has tools for text classification
207,AI, sentiment analysis
208,AI, and machine translation. In contrast
209,AI, spaCy focuses more on advanced NLP tasks such as named entity recognition
210,AI, dependency parsing
211,AI," and semantic similarity.
spaCy is generally considered to be faster and more efficient than NLTK due to its optimized Cython-based implementation. spaCy is designed to process large volumes of text quickly and efficiently"
212,AI," making it well-suited for production environments.
Name some best tools useful in NLP."
213,AI,There are several powerful tools and libraries available for Natural Language Processing (NLP) tasks
214,AI, which cater to various needs like text processing
215,AI, tokenization
216,AI, sentiment analysis
217,AI, machine translation
218,AI," among others. Some of the best NLP tools and libraries include:
NLTK: NLTK is a popular Python library for working with human language data. It provides easy-to-use interfaces to over 50 corpora and lexical resources"
219,AI, along with text processing libraries for classification
220,AI, tokenization
221,AI, stemming
222,AI, tagging
223,AI, parsing
224,AI," and more.
spaCy: spaCy is a modern"
225,AI, high-performance
226,AI, and industry-ready NLP library for Python. It offers state-of-the-art algorithms for fast and accurate text processing
227,AI, and includes features like part-of-speech tagging
228,AI, named entity recognition
229,AI, dependency parsing
230,AI," and word vectors.
Gensim: Gensim is a Python library designed for topic modeling and document similarity analysis. It specializes in unsupervised semantic modeling and is particularly useful for tasks like topic extraction"
231,AI, document comparison
232,AI," and information retrieval.
OpenNLP: OpenNLP is an open-source Java-based NLP library that provides various components such as tokenizer"
233,AI, sentence segmenter
234,AI, part-of-speech tagger
235,AI, parser
236,AI," and named entity recognizer. It is widely used for creating natural language processing applications.
Are chatbots derived from NLP?"
237,AI,Yes
238,AI," chatbots are derived from NLP. NLP is used to process and understand human language so that chatbots can respond in a way that is natural for humans.
What is embedding and what are some techniques to accomplish embedding?"
239,AI,"Embedding is a technique to represent data in a vector space so that similar data points are close together. Some techniques to accomplish embedding are word2vec and GloVe.
Word2vec: It is used to find similar words which have similar dimensions and"
240,AI, consequently
241,AI," help bring context. It helps in establishing the association of a word with another similar meaning word through the created vectors.
GloVe: It is used for word representation. GloVe is developed for generating word embeddings by aggregating global word-word co-occurrence matrices from a corpus. The result shows the linear structure of the word in vector space.
Why do we need activation functions in neural networks?"
242,AI,Activation functions play a vital role in neural networks
243,AI, serving as a non-linear transformation applied to the output of a neuron or node. They determine the output of a neuron based on the weighted sum of its inputs
244,AI, introducing non-linearity into the network. The inclusion of activation functions allows neural networks to model complex
245,AI," non-linear relationships in the data.
Explain gradient descent."
246,AI,Gradient descent is a popular optimization algorithm that is used to find the minimum of a function iteratively. It's widely used in machine learning and deep learning for training models by minimizing the error or loss function
247,AI," which measures the difference between the predicted and actual values.
What is the purpose of data normalization?"
248,AI,Data normalization is a pre-processing technique used in machine learning and statistics to standardize and scale the features or variables in a dataset. The purpose of data normalization is to bring different features or variables to a common scale
249,AI," which allows for more accurate comparisons and better performance of learning algorithms.
The main purposes of data normalization are:
Improving model performance: Some machine learning algorithms"
250,AI, like gradient-based optimization methods or distance-based classifiers
251,AI," are sensitive to the feature scale.
Ensuring fair comparison: Normalization brings all features to a comparable range"
252,AI, mitigating the effect of different magnitudes or units of measurement
253,AI," and ensuring that each feature contributes equally to the model's predictions.
Faster convergence: Gradient-based optimization algorithms can converge faster when data are normalized"
254,AI," as the search space becomes more uniformly scaled and the gradients have a more consistent magnitude.
Reducing numerical issues: Normalizing data can help prevent numerical issues like over- or underflow that may arise when dealing with very large or very small numbers during calculations.
Name some activation functions."
255,AI,Some common activation functions include sigmoid
256,AI, tanh
257,AI," and ReLU.
Sigmoid: Maps the input to a value between 0 and 1"
258,AI, allowing for smooth gradient updates. However
259,AI," it suffers from the vanishing gradient problem and is not zero-centered.
Tanh: Maps the input to a value between -1 and 1"
260,AI, providing a zero-centered output. Like the sigmoid function
261,AI," it can also suffer from the vanishing gradient problem.
ReLU (Rectified Linear Unit): Outputs 0 for negative input values and retains the input for positive values. It helps alleviate the vanishing gradient problem and has faster computation time"
262,AI," but the output is not zero-centered and can suffer from the dying ReLU issue.
Briefly explain data augmentation."
263,AI,Data augmentation is a technique used to increase the amount of data available for training a machine learning model. This is especially important for deep learning models
264,AI," which require large amounts of data to train.
What is the Swish function?"
265,AI,The Swish function is an activation function. It is a smooth
266,AI, non-linear
267,AI, and differentiable function that has been shown to outperform some of the traditional activation functions
268,AI, like ReLU
269,AI," in certain deep learning tasks.
Explain forward propagation and backpropagation."
270,AI,Forward propagation is the process of computing the output of a neural network given an input. Forward propagation involves passing an input through the network
271,AI, layer by layer
272,AI, until the output is produced. Each layer applies a transformation to the output of the previous layer using a set of weights and biases. The activation function is applied to the transformed output
273,AI," producing the final output of the layer.
On the other hand"
274,AI," backpropagation is the process of computing the gradient of the loss function with respect to the weights of the network. It is used to update the weights and biases of the network during the training process. It involves calculating the gradient of the loss function with respect to each weight and bias in the network. The gradient is then used to update the weights and biases using an optimization algorithm such as gradient descent.
What is classification and its benefits?"
275,AI,Classification is a type of supervised learning task in machine learning and statistics
276,AI, where the objective is to assign input data points to one of several predefined categories or labels. In a classification problem
277,AI, the model is trained on a dataset with known labels and learns to predict the category to which a new
278,AI, unseen data point belongs. Examples of classification tasks include spam email detection
279,AI, image recognition
280,AI," and medical diagnosis.
Some benefits of classification include:
Decision-making: Classification models can help organizations make informed decisions based on patterns and relationships found in the data.
Pattern recognition: Classification algorithms are capable of identifying and learning complex patterns in data"
281,AI," enabling them to predict the category of new inputs accurately.
Anomaly detection: Classification models can be used to detect unusual or anomalous data points that don't fit the learned patterns.
Personalization and recommendation: Classification models can be used to tailor content and recommendations to individual users"
282,AI," enhancing user experiences and increasing engagement.
What is a convolutional neural network?"
283,AI,Convolutional neural networks are a type of neural network that is well-suited for image classification tasks. In classification
284,AI, the model learns to classify input data into one or more predefined classes or categories based on the features of the data. There are various benefits of classification
285,AI, and it has numerous practical applications in different fields
286,AI," such as:
Object Recognition: It is used in image and speech recognition to identify objects"
287,AI, faces
288,AI," or voices.
Sentiment Analysis: It helps understand the polarity of textual data"
289,AI, which can be used to gauge customer feedback
290,AI, opinions
291,AI," and emotions.
Email Spam Filtering: It can be used to classify emails into a spam or non-spam categories to improve email communication.
Explain autoencoders and its types."
292,AI,Autoencoders are a type of neural network that is used for dimensionality reduction. The different types of autoencoders include Denoising
293,AI, Sparse
294,AI, Undercomplete
295,AI," etc.
Denoising Autoencoder: It is used to achieve good representation"
296,AI, meaning it can be obtained robustly from a corrupted input
297,AI," which will be useful for recovering the corresponding clean input.
Sparse Autoencoder: This has a sparsity penalty"
298,AI, a value close to zero but not exactly zero. It is applied on the hidden layer in addition to the reconstruction error
299,AI," which prevents overfitting.
Undercomplete Autoencoder: This does not need any regularization because they maximize the probability of data rather than copying the input to the output.
State fuzzy approximation theorem."
300,AI,Fuzzy approximation theorem states that a function can be approximated as closely as desired using a combination of fuzzy sets. The theorem states that any continuous function can be represented as a weighted sum of linear functions
301,AI," where the weights are fuzzy sets that capture the input variables' uncertainty.
What are the main components of LSTM?"
302,AI,"LSTM stands for Long Short-Term Memory. It is a neural network architecture that is used for modeling time series data. LSTM has three main components:
The forget gate: This gate decides how much information from the previous state is to be retained in the current state.
The input gate: This gate decides how much new information from the current input is to be added to the current state.
The output gate: This gate decides what information from the current state is to be output.
Give some benefits of transfer learning."
303,AI,"Transfer learning is a machine learning technique where you use knowledge from one domain and apply it to another domain. This is usually done to accelerate the learning process or to improve performance.
There are several benefits of transfer learning:
Learn from smaller datasets: If you have a small dataset"
304,AI," you can use transfer learning to learn from a larger dataset in the same domain. This will help you to build better models.
Learn from different domains: You can use transfer learning to learn from different domains. For example"
305,AI, if you want to build a computer vision model
306,AI," you can use knowledge from the medical domain.
Better performance: Transfer learning can help you to improve the performance of your models and apply it on other domains to build better models.
Pre-trained models: If you use a pre-trained model"
307,AI," you can save time and resources. This is because you don’t have to train the model from scratch.
Use of fine-tune models: You can fine-tune models using transfer learning. Also"
308,AI," you can adapt the model to your specific needs.
Explain the importance of cost/loss function."
309,AI,"The cost/loss function is an important part of machine learning that maps a set of input parameters to a real number that represents the cost or loss. The cost/loss function is used for optimization problems. The goal of optimization is to find the set of input parameters that minimize the cost/loss function.
Define the following terms - Epoch"
310,AI, Batch
311,AI, and Iteration?
312,AI,Epoch
313,AI, batch
314,AI," and iteration are all important terms in machine learning. Epoch refers to the number of times the training dataset is used to train the model;  Batch refers to the number of training samples used in one iteration; Iteration is the number of times the training algorithm is run on the training dataset.
Explain dropouts."
315,AI,Dropout is a method used to prevent the overfitting of a neural network. It refers to dropping out some neural network units. The process is similar to that of natural reproduction
316,AI," where distinct genes combine to produce offspring while the other genes are dropped out instead of strengthening their co-adaptation.
Explain vanishing gradient"
317,AI,As more layers are added and the distance from the final layer increases
318,AI, backpropagation is not as helpful in sending information to the lower layers. As a result
319,AI, the information is sent back
320,AI," and the gradients start disappearing and becoming small in relation to network weights. These disappearing gradients are known as vanishing gradients.
Explain the function of batch Gradient Descent."
321,AI,"Batch gradient descent is an optimization algorithm that calculates the gradient of the cost function with respect to the weights of the model for each training batch. The weights are updated in the direction that decreases the cost function.
What is an Ensemble learning method?"
322,AI,"Ensemble learning is a method of combining multiple models to improve predictive accuracy. These methods usually cost more to train but can provide better accuracy than a single model.
What are some drawbacks of machine learning?"
323,AI,One of the biggest drawbacks of Machine learning is that it can be biased if the data used to train the algorithm is not representative of the real world. For example
324,AI, if an algorithm is trained using data that is mostly from one gender or one race
325,AI," it may be biased against other genders or races.
Here are some other disadvantages of Machine Learning:

Possibility of high Error
Algorithm selection
Data acquisition
Time and space
High production costs
Lacking the skills to innovate
Explain Sentimental analysis in NLP?"
326,AI,Sentiment analysis is the process of analyzing text to determine the emotional tone of the text in NLP. This can be helpful in customer service to understand how customers are feeling
327,AI," or in social media to understand the general public sentiment about a topic.
What is BFS and DFS algorithm?"
328,AI,"Breadth-First Search (BFS) and Depth-First Search (DFS) are two algorithms used for graph traversal.
BFS algorithm starts from the root node (or any other selected node) and visits all the nodes at the same level before moving to the next level.
On the other hand"
329,AI," DFS algorithm starts from the root node (or any other selected node) and explores as far as possible along each branch before backtracking.
Explain the difference between supervised and unsupervised learning."
330,AI,Supervised learning involves training a model with labeled data
331,AI," where both input features and output labels are provided. The model learns the relationship between inputs and outputs to make predictions for unseen data. Common supervised learning tasks include classification and regression.
Unsupervised learning"
332,AI, on the other hand
333,AI, uses unlabeled data where only input features are provided. The model seeks to discover hidden structures or patterns in the data
334,AI, such as clusters or data representations. Common unsupervised learning tasks include clustering
335,AI, dimensionality reduction
336,AI," and anomaly detection.
What is the text extraction process?"
337,AI,"Text extraction is the process of extracting text from images or other sources. This can be done with OCR (optical character recognition) or by converting the text to a format that can be read by a text-to-speech system.
What are some disadvantages of linear models?"
338,AI,"Here are some disadvantages of using linear models -


They can be biased if the data used to train the model is not representative of the real world.


Linear models can also be overfit if the data used to train the model is too small.


Linear models assume a linear relationship between the input features and the output variable"
339,AI," which may not hold in reality. This can lead to poor predictions and decreased model performance.
Mention methods for reducing dimensionality."
340,AI,Artificial intelligence interview questions like this can be easy and difficult at the same time as you may know the answers but not on the tip of your tongue. Hence
341,AI, a quick refresher can help a lot. Reducing dimensionality refers to the reduction of the number of random variables. This can be achieved by different techniques including principal component analysis
342,AI, low variance filter
343,AI, missing values ratio
344,AI, high correlation filter
345,AI, random forest
346,AI," and others.
Explain cost function."
347,AI,This is a popular AI interview question. A cost function is a scalar function that helps to identify how wrong an AI model is with regard to its ability to determine the relationship between X and Y. In other words
348,AI," it tells us the neural network’s error factor.
The neural network works better when the cost function is lower. For instance"
349,AI," it takes the output predicted by the neural network and the actual output and then computes how incorrect the model was in its prediction.
So"
350,AI," the cost function will give a lower number if the predictions don’t differ too much from the actual values and vice-versa
Mention hyper-parameters of ANN."
351,AI,"The hyper-parameters of ANN are as follows:
Learning rate: It refers to the speed with which the network gets familiar with its parameters
Momentum: This parameter enables coming out of the local minima and smoothening jumps during gradient descent
The number of epochs: This parameter refers to the number of times the whole training dataset is fed to the network during training. One must increase the number of epochs until a decrease in validation accuracy is noticed"
352,AI, even if there is an increase in training accuracy
353,AI," which is called overfitting.
Number of hidden layers: This parameter specifies the number of layers between the input and output layers.
Number of neurons in each hidden layer: This parameter specifies the number of neurons in each hidden layer.
Activation functions: Activation functions are responsible for determining a neuron's output based on the weighted sum of its inputs. Widely used activation functions include Sigmoid"
354,AI, ReLU
355,AI, Tanh
356,AI," and others.
Explain intermediate tensors. Do sessions have a lifetime?"
357,AI,Intermediate tensors are temporary data structures in a computational graph that store intermediate results when executing a series of operations in Artificial Intelligence
358,AI," particularly in deep learning frameworks. These tensors represent the values produced during the forward pass of a neural network while processing input data before reaching the final output.
Yes"
359,AI, sessions have a lifetime
360,AI, sessions were used to execute and manage operations in a computational graph. A session allowed the allocation of memory for tensor values and held necessary resources to execute the operations. In TensorFlow 2.x
361,AI, sessions and computational graphs have been replaced with a more dynamic and eager execution approach
362,AI,Exploding variables are a phenomenon in which the magnitude of a variable grows rapidly over time
363,AI," causing computational problems.
Is it possible to build a deep learning model only using linear regression?"
364,AI,Linear regression is a basic tool in statistical learning
365,AI," but it cannot be used to build a deep learning model. Deep learning models require non-linear functions to learn complex patterns in data.
What is the function of Hyperparameters ?"
366,AI,"Hyperparameters are parameters that are not learned by the model. They are set by the user and used to control the model's behavior.
What is Artificial Super Intelligence (ASI)?"
367,AI,An Artificial Super Intelligence system is not one that has been achieved yet. Also known as Super AI
368,AI, it is a hypothetical system that can surpass human intelligence and execute any task better than a human. The concept of ASI suggests that such an AI can exceed all human intelligence. It can even take complex decisions in harsh conditions and think just like a human would
369,AI, or even better
370,AI, develop emotional
371,AI," sensible relationships.
What is overfitting"
372,AI, and how can it be prevented in an AI model?
373,AI,Overfitting occurs when a model learns the training data too well
374,AI," including capturing noise and random fluctuations. This often results in a model that performs poorly on unseen or validation data. Techniques to prevent overfitting include:

Regularization (L1 or L2)
Early stopping
Cross-validation
Using more training data
Reducing model complexity
What is the role of pipeline for Information extraction (IE) in NLP?"
375,AI,"Pipelines are used in information extraction to sequentially apply a series of processing steps to input data. This allows for efficient data processing and helps avoid errors.
What is the difference between full listing hypothesis and minimum redundancy hypothesis?"
376,AI," but that only the most important values should be listed multiple times.
Mention the steps of the gradient descent algorithm."
377,AI,"The gradient descent algorithm helps in optimization and in finding coefficients of parameters that help minimize the cost function. The steps that help achieve this are as follows:
Step 1: Give weights (x"
378,AI," also called Sum of Squares Error (SSE).
Step 2: Compute the gradient or the change in SSE when you change the value of the weights (x"
379,AI,"y) by a small amount. This step helps us identify the direction in which we must move x and y to minimize SSE.
Step 3: Adjust the weights with the gradients for achieving optimal values for the minimal SSE.
Step 4: Change the weights for predicting and calculating the new error. Step 5: Repeat steps 2 and 3 till the time making more adjustments stops producing significant error reduction.
These types of artificial intelligence interview questions help hiring managers properly guage a candidate’s expertise in this domain. Hence"
380,AI,"
Implement a function to calculate cosine similarity between two vectors."
381,AI,"
How to handle an imbalance dataset?"
382,AI,There are a number of ways to handle an imbalanced dataset
383,AI, such as using different algorithms
384,AI, weighting the classes
385,AI," or oversampling the minority class.
Algorithm selection: Some algorithms are better suited to handle imbalanced data than others. For example"
386,AI, decision trees and random forests tend to work well on imbalanced data
387,AI," while algorithms like logistic regression or support vector machines may struggle.
Class weighting: By assigning higher weights to the minority class"
388,AI," you can make the algorithm give more importance to it during training. This can help prevent the algorithm from always predicting the majority class.
Oversampling: You can create synthetic samples of the minority class by randomly duplicating existing samples or generating new samples based on the existing ones. This can balance the class distribution and help the algorithm learn more about the minority class.
How do you solve the vanishing gradient problem in RNN?"
389,AI,"The vanishing gradient problem is a difficulty encountered when training artificial neural networks using gradient-based learning methods. This problem is resolved by replacing the activation function of the network. You can use the Long Short-Term Memory (LSTM) network to solve the problem.
It has three gates called input"
390,AI, forgets
391,AI, and output gates. Here forget gates constantly observe what information needs to be dropped going through the network. In this way
392,AI, we have short and long-term memory. So
393,AI," we can transfer the information through the network and retrieve it even at the last stage to identify the context of prediction.
Implement a function to normalize a given list of numerical values between 0 and 1."
394,AI,"
Explain the purpose of Sigmoid and Softmax functions."
395,AI,Sigmoid and softmax functions are used in classification problems. Sigmoid maps values to a range of 0-1
396,AI, which is useful for binary classification problems. Softmax maps values to a range of 0-1 and also ensures that all values sum to 1
397,AI," which is useful for multi-class classification problems.
Implement a Python function to calculate the sigmoid activation function value for any given input."
398,AI,"
Explain pragmatic analysis in NLP."
399,AI,Pragmatic analysis is a process of analyzing text data in order to determine the speaker's intention. This is useful in many applications
400,AI, such as customer service and market research. Here
401,AI, the main focus is always on what was said to reconsider what is intentionally driving the various aspects of language that require real-world knowledge. It helps you to discover this intentional effect by applying a set of rules that characterize cooperative dialogues. Basically
402,AI," it means abstracting the meaningful use of language in situations.
What is the difference between collaborative and content-based filtering?"
403,AI,Collaborative filtering is a method of making recommendations based on the likes and dislikes of a group of people
404,AI," while Content-based filtering is a method of making recommendations based on the similarity of the content.
How is parsing achieved in NLP?"
405,AI,Parsing is the process of breaking down a string of text into smaller pieces
406,AI, or tokens. This can be done using a regex
407,AI, or a more sophisticated tool like a parser combinator. There are various techniques for parsing in NLP
408,AI, including rule-based approaches
409,AI, statistical approaches
410,AI, and machine learning-based approaches. Some common parsing algorithms include the Earley parser
411,AI, the CYK parser
412,AI, and the chart parser. These algorithms use various methods such as probability models
413,AI, tree-based representations
414,AI," and context-free grammars to parse a text and identify its grammatical structure.
Implement a Python function to calculate the precision and recall of a binary classifier"
415,AI, given true positive
416,AI, false positive
417,AI, true negative
418,AI, and false negative values.
419,AI,"
What is Limited Memory? Explain with an example?"
420,AI,A human brain learns from its experiences or from the past experiences it has in its memory. Just like the human brain
421,AI, Limited Memory Artificial Intelligence learns from past data already in the memory and makes decisions on their behalf. But this data is stored for some specific time
422,AI, and they cannot add it to their information center. Self-Driving is one of the best technology examples of Limited Memory AI. Self Driving cars can store data during driving
423,AI, like how many vehicles are moving around them
424,AI, vehicle speed
425,AI, and the traffic lights. From their experiences
426,AI," they understand how to drive properly on the road in heavy and moderate traffic. Few companies are focused on these types of technologies.
Write a Python function to compute the Euclidean distance between two points."
427,AI,"
Describe the differences between stochastic gradient descent (SGD) and mini-batch gradient descent."
428,AI,Stochastic gradient descent (SGD) updates the model's weights using the gradient calculated from a single training example. It converges faster because of frequent weight updates; however
429,AI," it can have a noisy convergence due to high variance in gradients.
Mini-batch gradient descent calculates the gradient using a small batch of training examples. It strikes a balance between the computational efficiency of batch gradient descent and the faster convergence of SGD. The noise in weight updates is reduced"
430,AI," leading to a more stable convergence.
Implement a function to calculate precision"
431,AI, recall
432,AI, and F1-score given an input of actual and predicted labels.
433,AI,"
How can you standardize data?"
434,AI,"Data standardization is a technique that is mostly performed as a preprocessing step of developing ML models to formalize the range of features of an input data set.
Understanding data: You need to understand the distribution of your data to decide which standardization technique is appropriate. For example"
435,AI, if the data is normally distributed
436,AI," you can use z-score normalization.
Choosing standardization technique: Standardization techniques such as z-score normalization"
437,AI, min-max scaling
438,AI," and mean normalization can be used depending on the type of data.
Implementation: Standardizing data can be implemented using programming languages such as Python"
439,AI, and R
440,AI," or tools such as Excel or a data automation platform.
Impact on model performance: Standardization can significantly impact the performance of machine learning models. Hence"
441,AI, splitting it into training and testing sets
442,AI, fitting the model
443,AI," and calculating its accuracy.
Write a code to visualize data using Univariate plots."
444,AI,"
How does information gain and entropy work in decision trees?"
445,AI,Entropy is unpredictability in the data; the more uncertainty
446,AI, the higher the entropy will be. Entropy is used by information gain to make decisions. If the entropy is fewer
447,AI," the information will be big.
Information gain is used in random forests and decision trees to decide the best split. Thus"
448,AI, the bigger the information gain
449,AI," the better the split and the shorter the entropy.
The entropy is used to calculate the information gain of a dataset before and after a split.
Entropy is the calculation of the probability of suspense in the data. The main purpose is to reduce entropy and increase information gain. The feature having the maximum information is considered essential by the algorithm and is used for training the model.
Write a code for random forest regression in Python."
450,AI, splitting it into training and testing sets
451,AI, fitting the model
452,AI," and calculating the predictions.
Explain the use of kernel tricks?"
453,AI,Kernel tricks are a technique used in Artificial Intelligence
454,AI, particularly in machine learning algorithms
455,AI," to transform a non-linearly separable problem into a linearly separable one. They are commonly used in Support Vector Machines (SVMs) and other kernel-based algorithms for solving complex classification or regression tasks.
The main idea behind kernel tricks is to map the input data from a lower-dimensional space to a higher-dimensional space"
456,AI," in which the data points become linearly separable. This mapping is done using a mathematical function called the kernel function.
Write a code for K-nearest algorithm in Python."
457,AI, splitting it into training and testing sets
458,AI, fitting the model
459,AI," and calculating its accuracy.
How to calculate Gini coefficient?"
460,AI,"The Gini coefficient formula is as follows:

Here are a few steps using which you can calculate the Gini coefficient:
Organize the data into a table with the category head mentioned below

All the rows must organize from the poorest to the richest.
Fill the '% of Population that is richer' column by adding all terms in 'Fraction of Population' below that row.
Calculate the Score for each of the rows. The formula for the Score is:
Score = Fraction of Income * (Fraction of Population + 2 * % of Population that is richer).
Next"
461,AI, object-oriented programming language that enhances user interaction through objects
462,AI, it can run on a myriad of different Operating Systems such as Windows
463,AI, Linux
464,AI, Macintosh
465,AI, and UNIX. The language finds widespread use in data science
466,AI, artificial intelligence
467,AI, and machine learning because of its in-built data structures. Despite being a high-level language
468,AI, using the keyword
469,AI, ‘global’
470,AI, on the other hand
471,AI, tuples
472,AI, and strings
473,AI, precise
474,AI, is connected to the unique name assigned to that object. While searching for the object
475,AI, the key
476,AI, which corresponds to the unique name
477,AI, no operation takes place. It basically depicts a blank space
478,AI, however
479,AI, in places
480,AI, like loops
481,AI, therefore it is different from a comment
482,AI, that are found to be useful and practical during the development process
483,AI, the second element would be 1
484,AI, and so on. In negative indexing
485,AI, the penultimate element would be -2
486,AI," and so on.
For example"
487,AI, b
488,AI, c
489,AI, d
490,AI, as well as
491,AI, the attachments with the email package. If you use a CSV file that contains contact data
492,AI, you can even send a number of personalized emails. If you add a few lines of code to your Gmail account
493,AI, outermost scope
494,AI,2
495,AI,3
496,AI,4
497,AI,5
498,AI,6
499,AI, 90
500,AI, firstly we declare them and name them. Then
501,AI, And
502,AI, Or
503,AI, If
504,AI, Elif
505,AI, For
506,AI, While
507,AI,Yes
508,AI,Of course
509,AI, manipulating
510,AI, preparing
511,AI, modeling
512,AI, versatile
513,AI,In shallow copying
514,AI, while in deep copying
515,AI, what is Polymorphism?
516,AI, justify this using the MVC pattern.
517,AI,This can be done using the isalnum() method that returns true in case the string has only alphanumeric characters or the  match() method from the re (regex) module. But here
518,AI, classes
519,AI,"
Show code examples of deep and shallow copying."
520,AI,"
What are the steps to create 3D"
521,AI, 2D
522,AI, and 1D arrays?
523,AI,"
Write a code to check whether two words are anagrams or not."
524,AI,"
Show how to access the dataset of a publicly shared spreadsheet in the format of CSV stored in Google Drive."
525,AI, L
526,AI, M
527,AI, N
528,AI, O
529,AI, P.
530,AI,"
"
531,python developer,Regular expressions are a type of syntax used to match patterns in strings. They can be used to find
532,python developer, regular expressions are a way to describe patterns in data. They are commonly used in programming
533,python developer,Both NLTK and spaCy are popular NLP libraries in Python
534,python developer, which starts when the session is created and ends when the session is closed or the script is terminated. In TensorFlow 1.x
535,python developer," allowing for simpler and more Pythonic code.
Explain Exploding variables."
536,python developer, often leading to numerical instability and overflow errors. This can happen when a variable is repeatedly multiplied or divided by a value that is greater than 1 or less than -1. As a result
537,python developer, the variable's value grows exponentially or collapses to zero
538,python developer,Full listing hypothesis states that all possible values of a variable should be listed in the data dictionary. Minimum redundancy hypothesis states that all values of a variable should be listed in the data dictionary
539,python developer,y) random values and then compute the error
540,python developer," you must thoroughly understand such questions and enlist all steps properly to move ahead.
Write a function to create one-hot encoding for categorical variables in a Pandas DataFrame"
541,python developer,"
Write a Python function to sort a list of numbers using the merge sort algorithm"
542,python developer,"
Write a Python function to calculate R-squared (coefficient of determination) given true and predicted values."
543,python developer," it's important to standardize the data before feeding it into the model
How to implement Naive Bayes algo in Python ?"
544,python developer,Here's a basic implementation of Naïve Bayes Classifier in Python using the scikit-learn library. This example demonstrates the process of loading a dataset
545,python developer,Here's a basic implementation of the Random Forest Regressor in Python using the scikit-learn library. This example demonstrates the process of loading a dataset
546,python developer,Here's a basic implementation of the K-Nearest Neighbors (KNN) algorithm in Python using the scikit-learn library. This example demonstrates the process of loading a dataset
547,python developer," add all the terms in the ‘Score’ column. Let us call it ‘Sum.’
Using the formula calculate the Gini coefficient: = 1 –Sum.
What is Python? Enlist some of its benefits."
548,python developer,This basic Python interview question warms up the candidate for the interview and is important even for senior Python positions. How you tackle this question displays your experience and expertise with the programming language. Python is a high-level
549,python developer, modules
550,python developer, and automatic memory. Due to Python being a cross-platform programming language
551,python developer, the simplicity of its syntax makes Python a  very easy language to grasp. Moreover
552,python developer, because Python supports various modules and packages
553,python developer," making applications using Python becomes extremely easy as less code is required.
Can you tell us if Python is object-oriented or functional programming?"
554,python developer,Another basic Python interview question that tries to gauge the depth of your understanding of the language. Python is considered to be a multi-paradigm language
555,python developer, which means it supports multiple programming techniques including object-oriented and functional programming. Since most Python tools have bundled up data and functions
556,python developer," it is considered to be object-oriented. The functions of Python are important for data scientists and programmers alike because Python supports both object-oriented and functional programming.
What rules govern local and global variables in Python?"
557,python developer,In Python
558,python developer, variables are used for labeling and storing data. There are mainly two types of variables in Python - local and global. When a variable is not defined within a function
559,python developer, therefore is referenced within that function
560,python developer, its scope is global and it is called a global variable. When a variable is defined within a function
561,python developer, its scope is local and it is called a local variable. Additionally
562,python developer, you can explicitly declare a variable
563,python developer, declared within a function
564,python developer, as a global variable. Since the local variable is defined within a function
565,python developer, when accessed outside that function
566,python developer, it will return an error. Global variables
567,python developer," can be accessed throughout the program.
Can you tell us what is slicing in Python?"
568,python developer,Slicing in Python is about dividing a given string to obtain sub-strings. If you wish to access sequences such as lists
569,python developer, slicing is the feature that will help you do so. You can select a specific range or part of these sequences using slicing. You can change or delete parts of sequences like lists that can be changed. Slicing in Python helps you write clean
570,python developer," and readable code. You can perform slicing in Python by either extending indexing or using the slice() Constructor.
What is namespace in Python?"
571,python developer,This Python interview question delves somewhat deeper into the programming language. In order to give a distinct and unique name to every single object
572,python developer, Python has a system called
573,python developer, namespace. The value of the object
574,python developer, which can be a variable or a method
575,python developer," is mapped with the value assigned to the related object.. Python has its namespace maintained like a Python dictionary.
What is pass in Python?"
576,python developer,Pass is a placeholder for the future code in Python. When the pass statement is executed
577,python developer, class definitions
578,python developer, conditional statements such as: if statements
579,python developer, or even in function definitions
580,python developer, where empty code is not permitted
581,python developer, a pass can be used to prevent an error. The pass statement is not ignored by the Python interpreter
582,python developer, as it returns a null value
583,python developer," which is ignored by the Python interpreter. This Python interview question can display your alertness and future orientation to the interviewer.
Can you explain what is unittest in Python?"
584,python developer,Unittest or unit testing is a way to test various codes in Python to ascertain whether they can be used safely or not. This framework is in-built in Python and helps to ensure the quality of code in Python. All the criteria
585,python developer, are coded into the test script by the Python developer. This is done to ensure unit preciseness and accuracy. If any criterion fails
586,python developer," it is reported in the summary. This Python interview question can help the interviewer assess whether you are careful and stringent where the safety of code is concerned.
What are negative indexes in Python?"
587,python developer,All programming languages use positive indexing in the arrays to locate and access elements. Python is the only language that allows both positive and negative indexing in arrays. A positive index would start from the first element of an array and go forward i.e. the first element would be 0
588,python developer, the last element of the array would have the index -1
589,python developer,"
arr = [a"
590,python developer," e]
print(arr[-1])
print(arr[-2])
Output
e
d
What are ODBC modules in Python?"
591,python developer,The Microsoft Open Database Connectivity is an interface for the C programming language. It is the standard for all APIs using database C. If you use a Python ODBC interface with the standard ODBC drivers that ship with most databases
592,python developer, you can likely connect your Python application with most databases in the market. The different Python ODBC modules are pyodbc
593,python developer, PythonWin ODBC
594,python developer," and MxODBC.
How will you send an email from a Python Script?"
595,python developer,You can use a secure connection with the extensions SMTP_SSL() and .starttls(). Following this step
596,python developer, use the built-in smtplib library module to define the SMTP client session object. This object can then be used to send the email message using Python Script. To send the emails you can use HTML content
597,python developer, you can configure the Yagmail package to send emails. Through this Python interview question
598,python developer," interviewers can understand your knack for applying Python for different uses.
What is PEP 8 and its importance?"
599,python developer,PEP means Python Enhancement Proposal
600,python developer," is an official design document that provides information for the Python community. It typically documents the style guidelines for Python code
What are the key features of Python?"
601,python developer,"Some of its features are:

Dynamically typed
An interpreted language
Object-oriented
Coding is quick
What does it mean to be dynamically typed in Python?"
602,python developer,"It means Python type-checks data types during execution. This implies that the Python interpreter type checks as the code runs.
What is a scope in Python?"
603,python developer,A scope is a block of code in which an object is relevant. Examples of scopes in Python are local scope
604,python developer, module-level scope
605,python developer," and global scope.
How can Python script be executable on Unix?"
606,python developer,"The script file must begin with #!/usr/bin/env Python. This means that the first line must always begin with ‘#’.
What is Docstring in Python?"
607,python developer,A Docstring is a multiline string used to document a specific code segment. Therefore
608,python developer," developers using Python can easily understand what the code does without having to study the implementation details.
What is init in Python?"
609,python developer,It is a constructor method automatically called to allocate memory when a new instance or object is created
610,python developer," and classes in Python have an init associated with them which initializes attributes declared in the class when an object of that class is created.
What are lists and tuples in Python?"
611,python developer,"These are sequence data types used in a collection of objects. Both have different data types: lists are represented with square brackets and tuples are represented with parentheses.
Example of list:
[1"
612,python developer,"7]
Example of tuples:
(13"
613,python developer," 11)
What is the difference between Arrays and lists in Python?"
614,python developer,In order to use arrays in Python
615,python developer, one must import either an array module or a NumPy package
616,python developer," whereas lists are already built into the language and do not require declaration.
What is Self-used for in Python?"
617,python developer,It is used to represent the instance of the class. This is because in Python
618,python developer," the ‘@’ syntax is not used to refer to the instance attributes.
What are the major two-loop statements in Python?"
619,python developer,"While and For are the major two-loop statements in Python.
Example:
What are Decorators in Python?"
620,python developer,"Decorator is a very useful tool in Python that is used by programmers to alter the changes in the behavior of classes and functions.
What built-in types are available in Python?"
621,python developer,"The built-in types in Python include:

Strings
Integer
Complex numbers
Floating-point numbers
Built-in functions
How do you differentiate between .py and .pc files in Python?"
622,python developer,"A file in Python with extension “.py” are source files while with extension “.pyc”  are compiled bytecode files generated by the compiler.
How do you create a Python function?"
623,python developer,In Python
624,python developer, functions can be created/defined using the def statement. To create these functions
625,python developer," we start a function definition.
How does a function return values in Python?"
626,python developer,"They do so using the return statement. The statement can be used inside a function to refer the result back to the caller. The return statement has the return keyword and the optional return value. This return value can be used on any Python object.
What commands are used to delete Python files?"
627,python developer,"OS.unlink(filename) or OS.remove(filename)
What are modules in Python?"
628,python developer,"This is a file that includes a set of various functions and statements that can be added to an application. They are basically of two types:

Built-in Modules
User-defined Modules
What is a Python PATH?"
629,python developer,"This is an environment variable used to import a variable and check for the presence of variables present in different directories.
What is a Package in Python?"
630,python developer,"A package is a collection of different related modules. It normally contains a file with the name init . py.
Create a module in Python."
631,python developer,"Creating a module in Python is fairly simple.


First"
632,python developer," open a text editor and create a new file.


Add the code you want to include in the module. You can include various functions and classes"
633,python developer," as well as global variables.


Save the file with a .py extension (e.g. myModule.py).


Import the module using the import statement.


Use the module's functions and classes in your program.
What is lambda in Python?"
634,python developer,"This is the small anonymous function used in Python as an inline function. An example of lambda function is:
lambda arguments : expression
How memory can be managed in Python?"
635,python developer,In Python
636,python developer, the memory is managed using the Python Memory Manager. The manager allocates memory in the form of a private heap space dedicated to Python. All objects are now stored in this Hype and due to its private feature
637,python developer," it is restricted from the programmer.
What are keywords in Python?"
638,python developer,These are reserved words with special meanings used to define types of variables. However
639,python developer, they cannot be used for function names or variables. Examples of keywords are: Break
640,python developer," etc.
Is Python a case-sensitive language?"
641,python developer," it is a case-sensitive language.
What are literals in Python?"
642,python developer,"Literals are used to represent fixed values for primitive data types in a Python source code.
What is Type Conversion in Python?"
643,python developer,"This is the conversion of one data from one type to another.
What do you think is the use of dir () function in Python?"
644,python developer,The dir() function can be accessed from the Python interpreter
645,python developer," and it is used to access built-in functions of modules and packages. It is used to display the defined symbols.
How can you remove values from an array in Python?"
646,python developer,"They can be removed using the remove() or pop() function.
Is it possible for a function not to have a return statement and is it valid?"
647,python developer,"Yes. It is still valid and such a function will return a None object. This is because the end of a function is defined by the block of code that is executed and not the explicit keyword.
When should Python use triple quotes as a delimiter?"
648,python developer,"They can be used to enclose a string that has a mix of single and double or used when spanning multiple lines.
What is the main role of the init method? Give a code block example."
649,python developer,"The role of the init method is to initialize the values of instance members for objects.
Example:
How do you convert string to lowercase in Python?"
650,python developer,The lower () function
651,python developer," is used to convert string to lowercase
Example:
How do you use the split method in Python?"
652,python developer,"The split method is used to separate strings in Python
Example:
What is a Try Block?"
653,python developer,This is a block that is preceded by the try keyword. The try blocks are used to execute a task
654,python developer, and if any errors occur while the execution
655,python developer," then what should happen is declared in except.
What are generators in Python?"
656,python developer,Generators are ways of implementing an effective representation of iterators and it is the only normal function that provides expression in the function. Thus
657,python developer," this enables Python developers to create iterators in a quick and clean way.
How can a module written in Python be accessed from C?"
658,python developer,"We can simply do this:
Module == PyImport_ImportModule("""");
How a list can be reversed in Python?"
659,python developer,"A built-in function named reverse() is used in Python to reverse lists.
Example:
What are ways to combine dataframes in Python?"
660,python developer,"Ways to do this include:
By joining = combining them on a common column
By stacking two dataframes vertically
By stacking two dataframes horizontally
What new features were added in Python 3.11.1?"
661,python developer,"Some of the new features in the Python 3.11.1 version are:

Fine-Grained Error Locations in Tracebacks
Support for Parsing TOML in the Standard Library
Introduce task groups to asyncio
Up to 10-60% faster than Python 3.10
What is a PIP?"
662,python developer,"PIP represents Python Installer Package. It is a command-line tool used for installing different modules in Python.
Why is finalize used in Python?"
663,python developer,"It is used to free up unwanted resources and clear up waste before invoking the garbage collector.
Differentiate between override and new modifiers."
664,python developer,"The override modifier is used for overriding a base class function within the child class while the new modifier is used to inform the compiler to use the new implementation and not the base class function.
In Python"
665,python developer, what would you do to create an empty class?
666,python developer,In Python
667,python developer, an empty class is a class that does not have any members defined within it. To create this in Python
668,python developer," we can use the pass keyword.
Do you think you can call the parent class without its instance creation?"
669,python developer," yes. It can be called if it is a static method in the base class.
In what ways can parent members in a child class be accessed?"
670,python developer,"Parent members in a child class can be accessed in Python by using the super() keyword. This method allows the child class to access the parent class's methods and attributes.
What are Pandas in Python?"
671,python developer,Pandas is an open-sourced library used in data manipulation when high performance is required. It is multidimensional data and was derived from the phrase ‘Panel Data’. It is used for loading
672,python developer," and analyzing data.
What is a NumPy?"
673,python developer,NumPy is a Python-based
674,python developer," easy-to-use package for processing arrays. It stands for Numerical Python.
Why is NumPy preferred over Python lists?"
675,python developer,NumPy is able to solve problems related to vectorized operations that are difficult for Python lists. Additionally
676,python developer, as the dimensions of a NumPy array grow
677,python developer," it is capable of processing operations up to 30 times faster than Python lists.
How can we efficiently load data from a text file?"
678,python developer,By using the  numpy.loadtxt() method
679,python developer," which automatically reads the header of the file and footer lines and brings up a comment if applicable.
What is reindexing in Pandas?"
680,python developer,"Reindexing in Pandas refers to the process of creating a new object with the data conformed to a new index.
How can you copy an object in Python?"
681,python developer,"We use the copy module to copy objects in Python. This can be done by shallow copy or deep copying.
What is shallow and deep copying in Python?"
682,python developer, the copied object creates an exact copy of the values in the original object
683,python developer," it duplicates the objects referenced by the source object.
What are Pickling?"
684,python developer,"Pickling is a serialization process in Python. It is used to serialize objects into the byte system and dump them as a file in a memory.
How can you define Unpickling in Python?"
685,python developer,"Unpickling is the deserialization of the byte system to recreate objects stored in the file and loads the object to memory.
What function is used for Pickling and Unpickling?"
686,python developer,"Pickling: pickle.dump()
Unpickling: pickle.load()
What are some types of Type Conversion in Python?"
687,python developer,"Type conversion is the process of converting a data type into another data type in Python. Some types of type conversions are listed below:
hex()"
688,python developer, set()
689,python developer, list()
690,python developer, tuple()
691,python developer, float()
692,python developer, int()
693,python developer, ord()
694,python developer," etc
Give an example of a lambda function."
695,python developer,"Example:
In Python"
696,python developer,In Python
697,python developer, Polymorphism makes us understand how to perform a task in different ways in Python. It is useful in providing flexibility in task processes. Through polymorphism
698,python developer, a class's objects can invoke another class's methods
699,python developer, allowing for code reuse. Polymorphism also allows subclasses to override the methods of a superclass
700,python developer, allowing for further code reuse. This is especially useful in object-oriented programming
701,python developer," as it allows for inheritance that allows code to be written once and reused multiple times.
How would you define the Swapcase () in Python?"
702,python developer,"It is used to convert the existing case of a string from lowercase to uppercase or vice versa.
Example:
What does [::-1] do in Python and give an example?"
703,python developer,"It is used to reverse the order of a sequence or an array
Example:
Explain database connection in Python Flask."
704,python developer,A SQLite3 command installation is needed to initiate and create the database in Flask. Using Flask
705,python developer," the database can be requested in three ways:
teardown_request() method: This is called in cases where the responses are not assured and the exception is raised.
after_request() method: This is called after requesting the database and also sending the response to the client.
before_request(): This method allows the database to be requested before only without passing arguments.
What is the Dogpile effect?"
706,python developer,"This is the occurrence of an event when the website is hit with more requests by the client at a time and the cache expires. It can be prevented using the semaphore lock.
Are multiple inheritances supported in Python?"
707,python developer,"Yes. Multiple inheritances are supported in Python because it enables flexibility to inherit multiple base classes in a child class. An example is:
Does Python make use of access specifiers?"
708,python developer,No. Python does not use access specifiers. However
709,python developer, Python has a way of prefixing the method variable
710,python developer," or function by using a single or double underscore to act like the behavior of private and protected access specifiers.
How do you create a constructor in Python?"
711,python developer,"We use the init method to create a constructor in Python and an example is given below:
Example:
How to save an image in Python locally when we know the URL address?"
712,python developer,"The code below can be used for this:
Explain how the join() function in Python?"
713,python developer,"The join() function is used to provide a flexible way to concatenate strings. The join() is a string method that returns a string value.
An example is given below:
How can you identify and deal with missing values in a dataframe?"
714,python developer,"This can be done by replacing it with the mean value of the column
df[‘column_name’] =
df[‘column_name’].fillna((df[‘column_name’].mean()))
What is the use of manage.py in Python?"
715,python developer,It is a file automatically created inside each Django project
716,python developer," as a command-line utility that allows users to interact with any Django project in Python in different ways.
Explain the shuffle method and give an example."
717,python developer,"The shuffle method is used to randomize the items in an array. The shuffle method randomizes elements in an array each time it is called and results in different outputs.
Example:
What method can be used to generate random numbers in Python?"
718,python developer,"The random module is used as the standard module to generate a random number in Python. The method employed is defined as:
import random
random.random
What does *args"
719,python developer, **kwargs mean in Python?
720,python developer,*args in Python allows for a variable number of non-keyworded arguments to be passed to a function
721,python developer, with the operations performed on them defined by the function. On the other hand
722,python developer, **kwargs allows for a variable number of keyworded arguments to be passed to a function
723,python developer," which will perform dictionary operations on them.
Is Flask an MVC model? If true"
724,python developer,A flask is basically minimalistic that behaves like the MVC framework. Therefore
725,python developer," MVC would be best for the flask and an example is given below:
How can we check if all characters in a string are alphanumeric?"
726,python developer," we are going to show an example for the isalnum() method:
""dkac1961"".isalnum() #Output: True
""qbaz#@12"".isalnum() #Output: False
What are some of the most used built-in modules in Python?"
727,python developer,The Python modules are files using the Python code which can be functions
728,python developer," or variables. They are followed by the .py extension and some of them are:

JSON
re
sys
math
os
random
datetime
What are the tools for debugging and performing static analysis in Python?"
729,python developer,"PyChecker and Pylint are tools used for static analysis and listing respectively. Pylint helps to check for the module’s coding standards and support the different plugins as to create customized features as per requirements. PyChecker helps to find bugs in the Python source code files and brings to attention the code issues.
When will the else part of try-except-else be executed?"
730,python developer,"When no exception occurs.
Write a code to swap two numbers in Python."
731,python developer,"
Write a code to reverse multiple values from functions."
732,python developer,"
What will be the output of the following code?"
733,python developer,"The answer will be:
invalid code
Write a code to test for the mode in a list of numbers."
734,python developer,"Using the StringIO module from the io module to read and then using the Pandas library:
Write a code to add two integers without using the ‘+’ operator when the numbers are greater than zero."
735,python developer,"
Write a code that is given a sequence of numbers and it checks if the numbers are unique."
736,python developer,"
Write a program that solves a given question with constants K"
737,python developer,"
Write a program to convert the date format from yyyy-mm-dd to dd-mm-yyyy."
738,python developer,"
Write a program in Python to create a Fibonacci series."
739,python developer,"
Write a code to create a single string from elements in a list."
740,python developer,"
Write a program to check if a number is a prime."
741,python developer,"
Write a program to calculate the median in Python using the NumPy arrays."
742,python developer,"
Write a program to execute the bubble sort algorithm."
